{
    "mse": 0.03765060007572174,
    "rmse": 0.1940376254125002,
    "mae": 0.14257055521011353,
    "r2": 0.3402036428451538,
    "mae_x": 0.16239911317825317,
    "mae_y": 0.12274111807346344,
    "f1_anomaly": 0.0,
    "anomaly_threshold": 